{
  "total_return": 0.00028035925282243745,
  "annualized_return": 8.811393416241486e-06,
  "sharpe_ratio": 0.49494427867425356,
  "sortino_ratio": 0.5619886376042632,
  "max_drawdown": -6.350140877527589e-05,
  "volatility": 1.7803040875086663e-05,
  "win_rate": 0.5343371798480158,
  "average_trade_return": 3.4966322317968334e-08,
  "average_drawdown_duration": 35.76328502415459
}